# threads, time 

1, 13.123958
2, 6.742522
3, 4.926776
4, 5.396371
