# threads, time 

1, 12.017502
2, 11.116901
4, 12.478031
8, 15.461704
